Workbook

Sheet Raw Data
A1: Order ID | B1: Order Date | C1: Region | D1: Salesperson | E1: Product | F1: Category | G1: Units Sold | H1: Unit Price | I1: Revenue
A2: ORD001 | B2: 46080 | C2: South | D2: Priya | E2: Mouse | F2: Accessories | G2: 4 | H2: 700 | I2: =G2*H2 -> 2800
A3: ORD002 | B3: 46094 | C3: South | D3: Sneha | E3: Headphones | F3: Electronics | G3: 7 | H3: 2500 | I3: =G3*H3 -> 17500
A4: ORD003 | B4: 46039 | C4: South | D4: Ananya | E4: Mouse | F4: Accessories | G4: 4 | H4: 700 | I4: =G4*H4 -> 2800
A5: ORD004 | B5: 46281 | C5: South | D5: Sneha | E5: Mouse | F5: Accessories | G5: 7 | H5: 700 | I5: =G5*H5 -> 4900
A6: ORD005 | B6: 46135 | C6: West | D6: Sneha | E6: Monitor | F6: Electronics | G6: 1 | H6: 12000 | I6: =G6*H6 -> 12000
A7: ORD006 | B7: 46104 | C7: West | D7: Priya | E7: Monitor | F7: Electronics | G7: 3 | H7: 12000 | I7: =G7*H7 -> 36000
A8: ORD007 | B8: 46133 | C8: East | D8: Ananya | E8: Headphones | F8: Electronics | G8: 7 | H8: 2500 | I8: =G8*H8 -> 17500
A9: ORD008 | B9: 46072 | C9: East | D9: Priya | E9: Monitor | F9: Electronics | G9: 1 | H9: 12000 | I9: =G9*H9 -> 12000
A10: ORD009 | B10: 46258 | C10: South | D10: Arjun | E10: Headphones | F10: Electronics | G10: 5 | H10: 2500 | I10: =G10*H10 -> 12500
A11: ORD010 | B11: 46208 | C11: North | D11: Ananya | E11: Laptop | F11: Electronics | G11: 4 | H11: 55000 | I11: =G11*H11 -> 220000
A12: ORD011 | B12: 46171 | C12: South | D12: Rahul | E12: Headphones | F12: Electronics | G12: 7 | H12: 2500 | I12: =G12*H12 -> 17500
A13: ORD012 | B13: 46165 | C13: West | D13: Priya | E13: Keyboard | F13: Accessories | G13: 6 | H13: 1200 | I13: =G13*H13 -> 7200
... A61: ORD060 | B61: 46077 | C61: North | D61: Priya | E61: Monitor | F61: Electronics | G61: 4 | H61: 12000 | I61: =G61*H61 -> 48000

Sheet Analysis
A1: WEEK 1 SALES DASHBOARD — ANALYSIS
A3: Build these summaries here using PivotTables or formulas:
A4: 1. Total Revenue
A5: 2. Total Orders
A6: 3. Total Units Sold
A7: 4. Revenue by Product
A8: 5. Revenue by Month
A9: 6. Revenue by Region
A12: Suggested formulas (adjust ranges if needed):
A13: Total Revenue | B13: =SUM('Raw Data'!I2:I61) -> 3336200
A14: Total Orders | B14: =COUNTA('Raw Data'!A2:A61) -> 60
A15: Total Units Sold | B15: =SUM('Raw Data'!G2:G61) -> 275
A18: Category | B18: Total Revenue | D18: Region | E18: Total Revenue | G18: Product | H18: Total Revenue
A19: Accessories | B19: =SUMIF('Raw Data'!F$2:F$61,A19,'Raw Data'!I$2:I$61) -> 84700 | D19: South | E19: =SUMIF('Raw Data'!C$2:C$61,D19,'Raw Data'!I$2:I$61) -> 641900 | G19: Mouse | H19: =SUMIF('Raw Data'!E$2:E$61,G19,'Raw Data'!I$2:I$61) -> 51100
A20: Electronics | B20: =SUMIF('Raw Data'!F$2:F$61,A20,'Raw Data'!I$2:I$61) -> 2614000 | D20: West | E20: =SUMIF('Raw Data'!C$2:C$61,D20,'Raw Data'!I$2:I$61) -> 408400 | G20: Headphones | H20: =SUMIF('Raw Data'!E$2:E$61,G20,'Raw Data'!I$2:I$61) -> 155000
A21: Furniture | B21: =SUMIF('Raw Data'!F$2:F$61,A21,'Raw Data'!I$2:I$61) -> 637500 | D21: East | E21: =SUMIF('Raw Data'!C$2:C$61,D21,'Raw Data'!I$2:I$61) -> 1014900 | G21: Monitor | H21: =SUMIF('Raw Data'!E$2:E$61,G21,'Raw Data'!I$2:I$61) -> 204000
D22: North | E22: =SUMIF('Raw Data'!C$2:C$61,D22,'Raw Data'!I$2:I$61) -> 1271000 | G22: Laptop | H22: =SUMIF('Raw Data'!E$2:E$61,G22,'Raw Data'!I$2:I$61) -> 2255000
G23: Keyboard | H23: =SUMIF('Raw Data'!E$2:E$61,G23,'Raw Data'!I$2:I$61) -> 32400
G24: Desk | H24: =SUMIF('Raw Data'!E$2:E$61,G24,'Raw Data'!I$2:I$61) -> 476000
G25: Office Chair | H25: =SUMIF('Raw Data'!E$2:E$61,G25,'Raw Data'!I$2:I$61) -> 161500
G26: USB Drive | H26: =SUMIF('Raw Data'!E$2:E$61,G26,'Raw Data'!I$2:I$61) -> 1200

Sheet Dashboard
A1: SALES PERFORMANCE DASHBOARD
A3: Your task: add KPI cards and charts here after building summaries on the Analysis sheet.
A5: Suggested KPIs:
A6: Total Revenue | B6: =Analysis!B13 -> 3336200 | C6: Total Orders | D6: =Analysis!B14 -> 60 | E6: Units Sold | F6: =Analysis!B15 -> 275

Sheet Read Me
A1: How to use this starter workbook
A3: 1. Raw Data contains 60 sample sales orders.
A4: 2. Revenue is calculated as Units Sold × Unit Price.
A5: 3. Use the Analysis sheet to calculate KPIs and make summaries.
A6: 4. Use Insert > PivotTable to summarize Revenue by Product, Month, or Region.
A7: 5. Use Insert > Chart to make charts from your summaries.
A8: 6. Put your final charts and KPI cards on the Dashboard sheet.
A9: 7. This is fictional sample data for practice, not real business data.
